Order,Global Code,Global Name,Region Code,Region Name,Sub-region Code,Sub-region Name,Intermediate Region Code,Intermediate Region Name,Country or Area,M49 Code,ISO-alpha2 Code,ISO-alpha3 Code,Least Developed Countries (LDC),Land Locked Developing Countries (LLDC),Small Island Developing States (SIDS),Developed / Developing Countries,https://unstats.un.org/unsd/methodology/m49/overview/,UN Member States,UNDP Region,World Bank Income Level,English short,French short,Spanish short,Russian short,Chinese short,Arabic short,English formal,French formal,Spanish formal,Russian formal,Chinese formal,Arabic formal,,data_country,data_year
1,1,World,2,Africa,15,Northern Africa,,,Algeria,12,DZ,DZA,,,,Developing,,x,Arab States ,Lower Middle Income,Algeria,Algérie (l'),Argelia,Алжир,阿尔及利亚,الجزائر,the People's Democratic Republic of Algeria,la République algérienne démocratique et populaire,la República Argelina Democrática y Popular,Алжирская Народная Демократическая Республика,阿尔及利亚民主人民共和国,الجمهورية الجزائرية الديمقراطية الشعبية,,,
2,1,World,2,Africa,15,Northern Africa,,,Egypt,818,EG,EGY,,,,Developing,,x,Arab States ,Lower Middle Income,Egypt,Égypte (l'),Egipto,Египет,埃及,مصر,the Arab Republic of Egypt,la République arabe d'Égypte,la República Árabe de Egipto,Арабская Республика Египет,阿拉伯埃及共和国,جمهورية مصر العربية,,,
3,1,World,2,Africa,15,Northern Africa,,,Libya,434,LY,LBY,,,,Developing,,x,Arab States ,Upper Middle Income,Libya,Libye (la),Libia,Ливия,利比亚,ليبيا,the State of Libya,l'État de Libye,el Estado de Libia,Государство Ливия,利比亚国,دولة ليبيا,,,
4,1,World,2,Africa,15,Northern Africa,,,Morocco,504,MA,MAR,,,,Developing,,x,Arab States ,Lower Middle Income,Morocco,Maroc (le),Marruecos,Марокко,摩洛哥,المغرب,the Kingdom of Morocco,le Royaume du Maroc,el Reino de Marruecos,Королевство Марокко,摩洛哥王国,المملكة المغربية,,,
5,1,World,2,Africa,15,Northern Africa,,,Sudan (the),729,SD,SDN,x,,,Developing,,x,Arab States ,Low Income,Sudan (the),Soudan (le),Sudán (el),Судан,苏丹,السودان,the Republic of the Sudan,la République du Soudan,la República del Sudán,Республика Судан,苏丹共和国,جمهورية السودان,,,
6,1,World,2,Africa,15,Northern Africa,,,Tunisia,788,TN,TUN,,,,Developing,,x,Arab States ,Lower Middle Income,Tunisia,Tunisie (la),Túnez,Тунис,突尼斯,تونس,the Republic of Tunisia,la République tunisienne,la República de Túnez,Тунисская Республика,突尼斯共和国,الجمهورية التونسية,,,
7,1,World,2,Africa,15,Northern Africa,,,Western Sahara,732,EH,ESH,,,,Developing,,,,,,,,,,,,,,,,,,,
8,1,World,2,Africa,202,Sub-Saharan Africa,14,Eastern Africa,British Indian Ocean Territory,86,IO,IOT,,,,Developing,,,,,,,,,,,,,,,,,,,
9,1,World,2,Africa,202,Sub-Saharan Africa,14,Eastern Africa,Burundi,108,BI,BDI,x,x,,Developing,,x,Sub-Saharan Africa,Low Income,Burundi,Burundi (le),Burundi,Бурунди,布隆迪,بوروندي,the Republic of Burundi,la République du Burundi,la República de Burundi,Республика Бурунди,布隆迪共和国,جمهورية بوروندي,,,
10,1,World,2,Africa,202,Sub-Saharan Africa,14,Eastern Africa,Comoros (the),174,KM,COM,x,,x,Developing,,x,Sub-Saharan Africa,Low income,Comoros (the),Comores (les),Comoras (las),Коморские Острова,科摩罗,جزر القمر,the Union of the Comoros,l'Union des Comores,la Unión de las Comoras,Союз Коморских Островов,科摩罗联盟,اتحاد جزر القمر,,,
11,1,World,2,Africa,202,Sub-Saharan Africa,14,Eastern Africa,Djibouti,262,DJ,DJI,x,,,Developing,,x,Sub-Saharan Africa,Lower Middle Income,Djibouti,Djibouti,Djibouti,Джибути,吉布提,جيبوتي,the Republic of Djibouti,la République de Djibouti,la República de Djibouti,Республика Джибути,吉布提共和国,جمهورية جيبوتي,,,
12,1,World,2,Africa,202,Sub-Saharan Africa,14,Eastern Africa,Eritrea,232,ER,ERI,x,,,Developing,,x,Sub-Saharan Africa,Low Income,Eritrea,Érythrée (l'),Eritrea,Эритрея,厄立特里亚,إريتريا,the State of Eritrea,l'État d'Érythrée,el Estado de Eritrea,Государство Эритрея,厄立特里亚国,دولة إريتريا,,,
13,1,World,2,Africa,202,Sub-Saharan Africa,14,Eastern Africa,Ethiopia,231,ET,ETH,x,x,,Developing,,x,Sub-Saharan Africa,Low Income,Ethiopia,Éthiopie (l'),Etiopía,Эфиопия,埃塞俄比亚,إثيوبيا,the Federal Democratic Republic of Ethiopia,la République fédérale démocratique d'Éthiopie,la República Democrática Federal de Etiopía,Федеративная Демократическая Республика Эфиопия,埃塞俄比亚联邦民主共和国,جمهورية إثيوبيا الديمقراطية الاتحادية,,,
14,1,World,2,Africa,202,Sub-Saharan Africa,14,Eastern Africa,French Southern Territories,260,TF,ATF,,,,Developing,,,,,,,,,,,,,,,,,,,
15,1,World,2,Africa,202,Sub-Saharan Africa,14,Eastern Africa,Kenya,404,KE,KEN,,,,Developing,,x,Sub-Saharan Africa,Lower Middle Income,Kenya,Kenya (le),Kenya,Кения,肯尼亚,كينيا,the Republic of Kenya,la République du Kenya,la República de Kenya,Республика Кения,肯尼亚共和国,جمهورية كينيا,,,
16,1,World,2,Africa,202,Sub-Saharan Africa,14,Eastern Africa,Madagascar,450,MG,MDG,x,,,Developing,,x,Sub-Saharan Africa,Low Income,Madagascar,Madagascar,Madagascar,Мадагаскар,马达加斯加,مدغشقر,the Republic of Madagascar,la République de Madagascar,la República de Madagascar,Республика Мадагаскар,马达加斯加共和国,جمهورية مدغشقر,,,
17,1,World,2,Africa,202,Sub-Saharan Africa,14,Eastern Africa,Malawi,454,MW,MWI,x,x,,Developing,,x,Sub-Saharan Africa,Low Income,Malawi,Malawi (le),Malawi,Малави,马拉维,ملاوي,the Republic of Malawi,la République du Malawi,la República de Malawi,Республика Малави,马拉维共和国,جمهورية ملاوي,,,
18,1,World,2,Africa,202,Sub-Saharan Africa,14,Eastern Africa,Mauritius,480,MU,MUS,,,x,Developing,,x,Sub-Saharan Africa,Upper Middle Income,Mauritius,Maurice,Mauricio,Маврикий,毛里求斯,موريشيوس,the Republic of Mauritius,la République de Maurice,la República de Mauricio,Республика Маврикий,毛里求斯共和国,جمهورية موريشيوس,,,
19,1,World,2,Africa,202,Sub-Saharan Africa,14,Eastern Africa,Mayotte,175,YT,MYT,,,,Developing,,,,,,,,,,,,,,,,,,,
20,1,World,2,Africa,202,Sub-Saharan Africa,14,Eastern Africa,Mozambique,508,MZ,MOZ,x,,,Developing,,x,Sub-Saharan Africa,Low Income,Mozambique,Mozambique (le),Mozambique,Мозамбик,莫桑比克,موزامبيق,the Republic of Mozambique,la République du Mozambique,la República de Mozambique,Республика Мозамбик,莫桑比克共和国,جمهورية موزامبيق,,,
21,1,World,2,Africa,202,Sub-Saharan Africa,14,Eastern Africa,Réunion,638,RE,REU,,,,Developing,,,,,,,,,,,,,,,,,,,
22,1,World,2,Africa,202,Sub-Saharan Africa,14,Eastern Africa,Rwanda,646,RW,RWA,x,x,,Developing,,x,Sub-Saharan Africa,Low Income,Rwanda,Rwanda (le),Rwanda,Руанда,卢旺达,رواندا,the Republic of Rwanda,la République du Rwanda,la República de Rwanda,Республика Руанда,卢旺达共和国,جمهورية رواندا,,,
23,1,World,2,Africa,202,Sub-Saharan Africa,14,Eastern Africa,Seychelles,690,SC,SYC,,,x,Developing,,x,Sub-Saharan Africa,High Income,Seychelles,Seychelles (les),Seychelles,Сейшельские Острова,塞舌尔,سيشيل,the Republic of Seychelles,la République des Seychelles,la República de Seychelles,Республика Сейшельские Острова,塞舌尔共和国,جمهورية سيشيل,,,
24,1,World,2,Africa,202,Sub-Saharan Africa,14,Eastern Africa,Somalia,706,SO,SOM,x,,,Developing,,x,Arab States ,Low Income,Somalia,Somalie (la),Somalia,Сомали,索马里,الصومال,the Federal Republic of Somalia,la République fédérale de Somalie,la República Federal de Somalia,Федеративная Республика Сомали,索马里联邦共和国,جمهورية الصومال الاتحادية,,,
25,1,World,2,Africa,202,Sub-Saharan Africa,14,Eastern Africa,South Sudan,728,SS,SSD,x,x,,Developing,,x,Sub-Saharan Africa,Low Income,South Sudan,Soudan du Sud (le),Sudán del Sur,Южный Судан,南苏丹,جنوب السودان,the Republic of South Sudan,la République du Soudan du Sud,la República de Sudán del Sur,Республика Южный Судан,南苏丹共和国,جمهورية جنوب السودان,,,
26,1,World,2,Africa,202,Sub-Saharan Africa,14,Eastern Africa,Uganda,800,UG,UGA,x,x,,Developing,,x,Sub-Saharan Africa,Low Income,Uganda,Ouganda (l'),Uganda,Уганда,乌干达,أوغندا,the Republic of Uganda,la République de l'Ouganda,la República de Uganda,Республика Уганда,乌干达共和国,جمهورية أوغندا,,,
27,1,World,2,Africa,202,Sub-Saharan Africa,14,Eastern Africa,United Republic of Tanzania (the),834,TZ,TZA,x,,,Developing,,x,Sub-Saharan Africa,Low Income,United Republic of Tanzania (the),République-Unie de Tanzanie (la),República Unida de Tanzanía (la),Объединенная Республика Танзания,坦桑尼亚联合共和国,جمهورية تنزانيا المتحدة,the United Republic of Tanzania,la République-Unie de Tanzanie,la República Unida de Tanzanía,Объединенная Республика Танзания,坦桑尼亚联合共和国,جمهورية تنزانيا المتحدة,,,
28,1,World,2,Africa,202,Sub-Saharan Africa,14,Eastern Africa,Zambia,894,ZM,ZMB,x,x,,Developing,,x,Sub-Saharan Africa,Lower Middle Income,Zambia,Zambie (la),Zambia,Замбия,赞比亚,زامبيا,the Republic of Zambia,la République de Zambie,la República de Zambia,Республика Замбия,赞比亚共和国,جمهورية زامبيا,,,
29,1,World,2,Africa,202,Sub-Saharan Africa,14,Eastern Africa,Zimbabwe,716,ZW,ZWE,,x,,Developing,,x,Sub-Saharan Africa,Lower Middle Income,Zimbabwe,Zimbabwe (le),Zimbabwe,Зимбабве,津巴布韦,زمبابوي,the Republic of Zimbabwe,la République du Zimbabwe,la República de Zimbabwe,Республика Зимбабве,津巴布韦共和国,جمهورية زمبابوي,,,
30,1,World,2,Africa,202,Sub-Saharan Africa,17,Middle Africa,Angola,24,AO,AGO,x,,,Developing,,x,Sub-Saharan Africa,Lower Middle Income,Angola,Angola (l'),Angola,Ангола,安哥拉,أنغولا,the Republic of Angola,la République d'Angola,la República de Angola,Республика Ангола,安哥拉共和国,جمهورية أنغولا,,,
31,1,World,2,Africa,202,Sub-Saharan Africa,17,Middle Africa,Cameroon,120,CM,CMR,,,,Developing,,x,Sub-Saharan Africa,Lower Middle Income,Cameroon,Cameroun (le),Camerún (el),Камерун,喀麦隆,الكاميرون,the Republic of Cameroon,la République du Cameroun,la República del Camerún,Республика Камерун,喀麦隆共和国,جمهورية الكاميرون,,,
32,1,World,2,Africa,202,Sub-Saharan Africa,17,Middle Africa,Central African Republic (the),140,CF,CAF,x,x,,Developing,,x,Sub-Saharan Africa,Low Income,Central African Republic (the),République centrafricaine (la),República Centroafricana (la),Центральноафриканская Республика,中非共和国,جمهورية أفريقيا الوسطى,the Central African Republic,la République centrafricaine,la República Centroafricana,Центральноафриканская Республика,中非共和国,جمهورية أفريقيا الوسطى,,,
33,1,World,2,Africa,202,Sub-Saharan Africa,17,Middle Africa,Chad,148,TD,TCD,x,x,,Developing,,x,Sub-Saharan Africa,Low Income,Chad,Tchad (le),Chad (el),Чад,乍得,تشاد,the Republic of Chad,la République du Tchad,la República del Chad,Республика Чад,乍得共和国,جمهورية تشاد,,,
34,1,World,2,Africa,202,Sub-Saharan Africa,17,Middle Africa,Congo (the),178,CG,COG,,,,Developing,,x,Sub-Saharan Africa,Lower Middle Income,Congo (the),Congo (le),Congo (el),Конго,刚果（布）,الكونغو,the Republic of the Congo,la République du Congo,la República del Congo,Республика Конго,刚果共和国,جمهورية الكونغو,,,
35,1,World,2,Africa,202,Sub-Saharan Africa,17,Middle Africa,Democratic Republic of the Congo (the),180,CD,COD,x,,,Developing,,x,Sub-Saharan Africa,Low Income,Democratic Republic of the Congo (the),République démocratique du Congo (la),República Democrática del Congo (la),Демократическая Республика Конго,刚果民主共和国,جمهورية الكونغو الديمقراطية,the Democratic Republic of the Congo,la République démocratique du Congo,la República Democrática del Congo,Демократическая Республика Конго,刚果民主共和国,جمهورية الكونغو الديمقراطية,,,
36,1,World,2,Africa,202,Sub-Saharan Africa,17,Middle Africa,Equatorial Guinea,226,GQ,GNQ,,,,Developing,,x,Sub-Saharan Africa,Upper Middle Income,Equatorial Guinea,Guinée équatoriale (la),Guinea Ecuatorial,Экваториальная Гвинея,赤道几内亚,غينيا الاستوائية,the Republic of Equatorial Guinea,la République de Guinée équatoriale,la República de Guinea Ecuatorial,Республика Экваториальная Гвинея,赤道几内亚共和国,جمهورية غينيا الاستوائية,,,
37,1,World,2,Africa,202,Sub-Saharan Africa,17,Middle Africa,Gabon,266,GA,GAB,,,,Developing,,x,Sub-Saharan Africa,Upper Middle Income,Gabon,Gabon (le),Gabón (el),Габон,加蓬,غابون,the Gabonese Republic,la République gabonaise,la República Gabonesa,Габонская Республика,加蓬共和国,جمهورية الغابون,,,
38,1,World,2,Africa,202,Sub-Saharan Africa,17,Middle Africa,Sao Tome and Principe,678,ST,STP,x,,x,Developing,,x,Sub-Saharan Africa,Lower Middle Income,Sao Tome and Principe,Sao Tomé-et-Principe,Santo Tomé y Príncipe,Сан-Томе и Принсипи,圣多美和普林西比,سان تومي وبرينسيبي,the Democratic Republic of Sao Tome and Principe,la République démocratique de Sao Tomé-et-Principe,la República Democrática de Santo Tomé y Príncipe,Демократическая Республика Сан-Томе и Принсипи,圣多美和普林西比民主共和国,جمهورية سان تومي وبرينسيبي الديمقراطية,,,
39,1,World,2,Africa,202,Sub-Saharan Africa,18,Southern Africa,Botswana,72,BW,BWA,,x,,Developing,,x,Sub-Saharan Africa,Upper Middle Income,Botswana,Botswana (le),Botswana,Ботсвана,博茨瓦纳,بوتسوانا,the Republic of Botswana,la République du Botswana,la República de Botswana,Республика Ботсвана,博茨瓦纳共和国,جمهورية بوتسوانا,,,
40,1,World,2,Africa,202,Sub-Saharan Africa,18,Southern Africa,Eswatini,748,SZ,SWZ,,x,,Developing,,x,Sub-Saharan Africa,Lower Middle Income,Eswatini,Eswatini (l'),Eswatini,Эсватини,斯威士兰,إسواتيني,the Kingdom of Eswatini,le Royaume d’Eswatini,el Reino de Eswatini,Королевство Эсватини,斯威士兰王国,مملكة إسواتيني,,,
41,1,World,2,Africa,202,Sub-Saharan Africa,18,Southern Africa,Lesotho,426,LS,LSO,x,x,,Developing,,x,Sub-Saharan Africa,Lower Middle Income,Lesotho,Lesotho (le),Lesotho,Лесото,莱索托,ليسوتو,the Kingdom of Lesotho,le Royaume du Lesotho,el Reino de Lesotho,Королевство Лесото,莱索托王国,مملكة ليسوتو,,,
42,1,World,2,Africa,202,Sub-Saharan Africa,18,Southern Africa,Namibia,516,NA,NAM,,,,Developing,,x,Sub-Saharan Africa,Upper Middle Income,Namibia,Namibie (la),Namibia,Намибия,纳米比亚,ناميبيا,the Republic of Namibia,la République de Namibie,la República de Namibia,Республика Намибия,纳米比亚共和国,جمهورية ناميبيا,,,
43,1,World,2,Africa,202,Sub-Saharan Africa,18,Southern Africa,South Africa,710,ZA,ZAF,,,,Developing,,x,Sub-Saharan Africa,Upper Middle Income,South Africa,Afrique du Sud (l'),Sudáfrica,Южная Африка,南非,جنوب أفريقيا,the Republic of South Africa,la République sud-africaine,la República de Sudáfrica,Южно-Африканская Республика,南非共和国,جمهورية جنوب أفريقيا,,,
44,1,World,2,Africa,202,Sub-Saharan Africa,11,Western Africa,Benin,204,BJ,BEN,x,,,Developing,,x,Sub-Saharan Africa,Lower Middle Income,Benin,Bénin (le),Benin,Бенин,贝宁,بنن,the Republic of Benin,la République du Bénin,la República de Benin,Республика Бенин,贝宁共和国,جمهورية بنن,,,
45,1,World,2,Africa,202,Sub-Saharan Africa,11,Western Africa,Burkina Faso,854,BF,BFA,x,x,,Developing,,x,Sub-Saharan Africa,Low Income,Burkina Faso,Burkina Faso (le),Burkina Faso,Буркина-Фасо,布基纳法索,بوركينا فاسو,Burkina Faso,le Burkina Faso,Burkina Faso,Буркина-Фасо,布基纳法索,بوركينا فاسو,,,
46,1,World,2,Africa,202,Sub-Saharan Africa,11,Western Africa,Cabo Verde,132,CV,CPV,,,x,Developing,,x,Sub-Saharan Africa,Lower Middle Income,Cabo Verde,Cabo Verde,Cabo Verde,Кабо-Верде,佛得角,كابو فيردي,the Republic of Cabo Verde,la République de Cabo Verde,la República de Cabo Verde,Республика Кабо-Верде,佛得角共和国,جمهورية كابو فيردي,,,
47,1,World,2,Africa,202,Sub-Saharan Africa,11,Western Africa,Côte d'Ivoire,384,CI,CIV,,,,Developing,,x,Sub-Saharan Africa,Lower Middle Income,Côte d'Ivoire,Côte d'Ivoire (la),Côte d’Ivoire,Кот-д’Ивуар,科特迪瓦,كوت ديفوار,the Republic of Côte d'Ivoire,la République de Côte d'Ivoire,la República de Côte d’Ivoire,Республика Кот-д’Ивуар,科特迪瓦共和国,جمهورية كوت ديفوار,,,
48,1,World,2,Africa,202,Sub-Saharan Africa,11,Western Africa,Gambia (the),270,GM,GMB,x,,,Developing,,x,Sub-Saharan Africa,Low Income,Gambia (the),Gambie (la),Gambia,Гамбия,冈比亚,غامبيا,the Republic of the Gambia,la République de Gambie,la República de Gambia,Республика Гамбия,冈比亚共和国,جمهورية غامبيا,,,
49,1,World,2,Africa,202,Sub-Saharan Africa,11,Western Africa,Ghana,288,GH,GHA,,,,Developing,,x,Sub-Saharan Africa,Lower Middle Income,Ghana,Ghana (le),Ghana,Гана,加纳,غانا,the Republic of Ghana,la République du Ghana,la República de Ghana,Республика Гана,加纳共和国,جمهورية غانا,,,
50,1,World,2,Africa,202,Sub-Saharan Africa,11,Western Africa,Guinea,324,GN,GIN,x,,,Developing,,x,Sub-Saharan Africa,Low Income,Guinea,Guinée (la),Guinea,Гвинея,几内亚,غينيا,the Republic of Guinea,la République de Guinée,la República de Guinea,Гвинейская Республика,几内亚共和国,جمهورية غينيا,,,
51,1,World,2,Africa,202,Sub-Saharan Africa,11,Western Africa,Guinea-Bissau,624,GW,GNB,x,,x,Developing,,x,Sub-Saharan Africa,Low Income,Guinea-Bissau,Guinée-Bissau (la),Guinea-Bissau,Гвинея-Бисау,几内亚比绍,غينيا - بيساو,the Republic of Guinea-Bissau,la République de Guinée-Bissau,la República de Guinea-Bissau,Республика Гвинея-Бисау,几内亚比绍共和国,جمهورية غينيا - بيساو,,,
52,1,World,2,Africa,202,Sub-Saharan Africa,11,Western Africa,Liberia,430,LR,LBR,x,,,Developing,,x,Sub-Saharan Africa,Low Income,Liberia,Libéria (le),Liberia,Либерия,利比里亚,ليبريا,the Republic of Liberia,la République du Libéria,la República de Liberia,Республика Либерия,利比里亚共和国,جمهورية ليبريا,,,
53,1,World,2,Africa,202,Sub-Saharan Africa,11,Western Africa,Mali,466,ML,MLI,x,x,,Developing,,x,Sub-Saharan Africa,Low Income,Mali,Mali (le),Malí,Мали,马里,مالي,the Republic of Mali,la République du Mali,la República de Malí,Республика Мали,马里共和国,جمهورية مالي,,,
54,1,World,2,Africa,202,Sub-Saharan Africa,11,Western Africa,Mauritania,478,MR,MRT,x,,,Developing,,x,Sub-Saharan Africa,Lower Middle Income,Mauritania,Mauritanie (la),Mauritania,Мавритания,毛里塔尼亚,موريتانيا,the Islamic Republic of Mauritania,la République islamique de Mauritanie,la República Islámica de Mauritania,Исламская Республика Мавритания,毛里塔尼亚伊斯兰共和国,الجمهورية الإسلامية الموريتانية,,,
55,1,World,2,Africa,202,Sub-Saharan Africa,11,Western Africa,Niger (the),562,NE,NER,x,x,,Developing,,x,Sub-Saharan Africa,Low Income,Niger (the),Niger (le),Níger (el),Нигер,尼日尔,النيجر,the Republic of the Niger,la République du Niger,la República del Níger,Республика Нигер,尼日尔共和国,جمهورية النيجر,,,
56,1,World,2,Africa,202,Sub-Saharan Africa,11,Western Africa,Nigeria,566,NG,NGA,,,,Developing,,x,Sub-Saharan Africa,Lower Middle Income,Nigeria,Nigéria (le),Nigeria,Нигерия,尼日利亚,نيجيريا,the Federal Republic of Nigeria,la République fédérale du Nigéria,la República Federal de Nigeria,Федеративная Республика Нигерия,尼日利亚联邦共和国,جمهورية نيجيريا الاتحادية,,,
57,1,World,2,Africa,202,Sub-Saharan Africa,11,Western Africa,Saint Helena,654,SH,SHN,,,,Developing,,,,,,,,,,,,,,,,,,,
58,1,World,2,Africa,202,Sub-Saharan Africa,11,Western Africa,Senegal,686,SN,SEN,x,,,Developing,,x,Sub-Saharan Africa,,Senegal,Sénégal (le),Senegal (el),Сенегал,塞内加尔,السنغال,the Republic of Senegal,la République du Sénégal,la República del Senegal,Республика Сенегал,塞内加尔共和国,جمهورية السنغال,,,
59,1,World,2,Africa,202,Sub-Saharan Africa,11,Western Africa,Sierra Leone,694,SL,SLE,x,,,Developing,,x,Sub-Saharan Africa,Low Income,Sierra Leone,Sierra Leone (la),Sierra Leona,Сьерра-Леоне,塞拉利昂,سيراليون,the Republic of Sierra Leone,la République de Sierra Leone,la República de Sierra Leona,Республика Сьерра-Леоне,塞拉利昂共和国,جمهورية سيراليون,,,
60,1,World,2,Africa,202,Sub-Saharan Africa,11,Western Africa,Togo,768,TG,TGO,x,,,Developing,,x,Sub-Saharan Africa,Low Income,Togo,Togo (le),Togo (el),Того,多哥,توغو,the Togolese Republic,la République togolaise,la República Togolesa,Тоголезская Республика,多哥共和国,جمهورية توغو,,,
61,1,World,19,Americas,419,Latin America and the Caribbean,29,Caribbean,Anguilla,660,AI,AIA,,,x,Developing,,,,,,,,,,,,,,,,,,,
62,1,World,19,Americas,419,Latin America and the Caribbean,29,Caribbean,Antigua and Barbuda,28,AG,ATG,,,x,Developing,,x,Latin America and the Caribbean,High Income,Antigua and Barbuda,Antigua-et-Barbuda,Antigua y Barbuda,Антигуа и Барбуда,安提瓜和巴布达,أنتيغوا وبربودا,Antigua and Barbuda,Antigua-et-Barbuda,Antigua y Barbuda,Антигуа и Барбуда,安提瓜和巴布达,أنتيغوا وبربودا,,,
63,1,World,19,Americas,419,Latin America and the Caribbean,29,Caribbean,Aruba,533,AW,ABW,,,x,Developing,,,,High Income,,,,,,,,,,,,,,,
64,1,World,19,Americas,419,Latin America and the Caribbean,29,Caribbean,Bahamas (the),44,BS,BHS,,,x,Developing,,x,Latin America and the Caribbean,High Income,Bahamas (the),Bahamas (les),Bahamas (las),Багамские Острова,巴哈马,جزر البهاما,the Commonwealth of the Bahamas,le Commonwealth des Bahamas,el Commonwealth de las Bahamas,Содружество Багамских Островов,巴哈马国,كمنولث جزر البهاما,,,
65,1,World,19,Americas,419,Latin America and the Caribbean,29,Caribbean,Barbados,52,BB,BRB,,,x,Developing,,x,Latin America and the Caribbean,High Income,Barbados,Barbade (la),Barbados,Барбадос,巴巴多斯,بربادوس,Barbados,la Barbade,Barbados,Барбадос,巴巴多斯,بربادوس,,,
66,1,World,19,Americas,419,Latin America and the Caribbean,29,Caribbean,"Bonaire, Sint Eustatius and Saba",535,BQ,BES,,,x,Developing,,,,,,,,,,,,,,,,,,,
67,1,World,19,Americas,419,Latin America and the Caribbean,29,Caribbean,British Virgin Islands,92,VG,VGB,,,x,Developing,,,,High Income,,,,,,,,,,,,,,,
68,1,World,19,Americas,419,Latin America and the Caribbean,29,Caribbean,Cayman Islands,136,KY,CYM,,,,Developing,,,,High Income,,,,,,,,,,,,,,,
69,1,World,19,Americas,419,Latin America and the Caribbean,29,Caribbean,Cuba,192,CU,CUB,,,x,Developing,,x,Latin America and the Caribbean,Upper Middle Income,Cuba,Cuba,Cuba,Куба,古巴,كوبا,the Republic of Cuba,la République de Cuba,la República de Cuba,Республика Куба,古巴共和国,جمهورية كوبا,,,
70,1,World,19,Americas,419,Latin America and the Caribbean,29,Caribbean,Curaçao,531,CW,CUW,,,x,Developing,,,,High Income,,,,,,,,,,,,,,,
71,1,World,19,Americas,419,Latin America and the Caribbean,29,Caribbean,Dominica,212,DM,DMA,,,x,Developing,,x,Latin America and the Caribbean,Upper Middle Income,Dominica,Dominique (la),Dominica,Доминика,多米尼克,دومينيكا,the Commonwealth of Dominica,le Commonwealth de Dominique,el Commonwealth de Dominica,Содружество Доминики,多米尼克国,كمنولث دومينيكا,,,
72,1,World,19,Americas,419,Latin America and the Caribbean,29,Caribbean,Dominican Republic (the),214,DO,DOM,,,x,Developing,,x,Latin America and the Caribbean,Upper Middle Income,Dominican Republic (the),République dominicaine (la),República Dominicana (la),Доминиканская Республика,多米尼加,الجمهورية الدومينيكية,the Dominican Republic,la République dominicaine,la República Dominicana,Доминиканская Республика,多米尼加共和国,الجمهورية الدومينيكية,,,
73,1,World,19,Americas,419,Latin America and the Caribbean,29,Caribbean,Grenada,308,GD,GRD,,,x,Developing,,x,Latin America and the Caribbean,Upper Middle Income,Grenada,Grenade (la),Granada,Гренада,格林纳达,غرينادا,Grenada,la Grenade,Granada,Гренада,格林纳达,غرينادا,,,
74,1,World,19,Americas,419,Latin America and the Caribbean,29,Caribbean,Guadeloupe,312,GP,GLP,,,,Developing,,,,,,,,,,,,,,,,,,,
75,1,World,19,Americas,419,Latin America and the Caribbean,29,Caribbean,Haiti,332,HT,HTI,x,,x,Developing,,x,Latin America and the Caribbean,Lower Middle Income,Haiti,Haïti,Haití,Гаити,海地,هايتي,the Republic of Haiti,la République d'Haïti,la República de Haití,Республика Гаити,海地共和国,جمهورية هايتي,,,
76,1,World,19,Americas,419,Latin America and the Caribbean,29,Caribbean,Jamaica,388,JM,JAM,,,x,Developing,,x,Latin America and the Caribbean,Upper Middle Income,Jamaica,Jamaïque (la),Jamaica,Ямайка,牙买加,جامايكا,Jamaica,la Jamaïque,Jamaica,Ямайка,牙买加,جامايكا,,,
77,1,World,19,Americas,419,Latin America and the Caribbean,29,Caribbean,Martinique,474,MQ,MTQ,,,,Developing,,,,,,,,,,,,,,,,,,,
78,1,World,19,Americas,419,Latin America and the Caribbean,29,Caribbean,Montserrat,500,MS,MSR,,,x,Developing,,,,,,,,,,,,,,,,,,,
79,1,World,19,Americas,419,Latin America and the Caribbean,29,Caribbean,Puerto Rico,630,PR,PRI,,,x,Developing,,,,High Income,,,,,,,,,,,,,,,
80,1,World,19,Americas,419,Latin America and the Caribbean,29,Caribbean,Saint Barthélemy,652,BL,BLM,,,,Developing,,,,,,,,,,,,,,,,,,,
81,1,World,19,Americas,419,Latin America and the Caribbean,29,Caribbean,Saint Kitts and Nevis,659,KN,KNA,,,x,Developing,,x,Latin America and the Caribbean,High Income,Saint Kitts and Nevis,Saint-Kitts-et-Nevis,Saint Kitts y Nevis,Сент-Китс и Невис,圣基茨和尼维斯,سانت كيتس ونيفس,Saint Kitts and Nevis,Saint-Kitts-et-Nevis,Saint Kitts y Nevis,Сент-Китс и Невис,圣基茨和尼维斯,سانت كيتس ونيفس,,,
82,1,World,19,Americas,419,Latin America and the Caribbean,29,Caribbean,Saint Lucia,662,LC,LCA,,,x,Developing,,x,Latin America and the Caribbean,Upper Middle Income,Saint Lucia,Sainte-Lucie,Santa Lucía,Сент-Люсия,圣卢西亚,سانت لوسيا,Saint Lucia,Sainte-Lucie,Santa Lucía,Сент-Люсия,圣卢西亚,سانت لوسيا,,,
83,1,World,19,Americas,419,Latin America and the Caribbean,29,Caribbean,Saint Martin (French Part),663,MF,MAF,,,,Developing,,,,High Income,,,,,,,,,,,,,,,
84,1,World,19,Americas,419,Latin America and the Caribbean,29,Caribbean,Saint Vincent and the Grenadines,670,VC,VCT,,,x,Developing,,x,Latin America and the Caribbean,Upper Middle Income,Saint Vincent and the Grenadines,Saint-Vincent-et-les Grenadines,San Vicente y las Granadinas,Сент-Винсент и Гренадины,圣文森特和格林纳丁斯,سانت فنسنت وجزر غرينادين,Saint Vincent and the Grenadines,Saint-Vincent-et-les Grenadines,San Vicente y las Granadinas,Сент-Винсент и Гренадины,圣文森特和格林纳丁斯,سانت فنسنت وجزر غرينادين,,,
85,1,World,19,Americas,419,Latin America and the Caribbean,29,Caribbean,Sint Maarten (Dutch part),534,SX,SXM,,,x,Developing,,,,,,,,,,,,,,,,,,,
86,1,World,19,Americas,419,Latin America and the Caribbean,29,Caribbean,Trinidad and Tobago,780,TT,TTO,,,x,Developing,,x,Latin America and the Caribbean,High Income,Trinidad and Tobago,Trinité-et-Tobago (la),Trinidad y Tabago,Тринидад и Тобаго,特立尼达和多巴哥,ترينيداد وتوباغو,the Republic of Trinidad and Tobago,la République de Trinité-et-Tobago,la República de Trinidad y Tabago,Республика Тринидад и Тобаго,特立尼达和多巴哥共和国,جمهورية ترينيداد وتوباغو,,,
87,1,World,19,Americas,419,Latin America and the Caribbean,29,Caribbean,Turks and Caicos Islands,796,TC,TCA,,,,Developing,,,,High Income,,,,,,,,,,,,,,,
88,1,World,19,Americas,419,Latin America and the Caribbean,29,Caribbean,United States Virgin Islands,850,VI,VIR,,,x,Developing,,,,High Income,,,,,,,,,,,,,,,
89,1,World,19,Americas,419,Latin America and the Caribbean,13,Central America,Belize,84,BZ,BLZ,,,x,Developing,,x,Latin America and the Caribbean,Lower Middle Income,Belize,Belize (le),Belice,Белиз,伯利兹,بليز,Belize,le Belize,Belice,Белиз,伯利兹,بليز,,,
90,1,World,19,Americas,419,Latin America and the Caribbean,13,Central America,Costa Rica,188,CR,CRI,,,,Developing,,x,Latin America and the Caribbean,Upper Middle Income,Costa Rica,Costa Rica (le),Costa Rica,Коста-Рика,哥斯达黎加,كوستاريكا,the Republic of Costa Rica,la République du Costa Rica,la República de Costa Rica,Республика Коста-Рика,哥斯达黎加共和国,جمهورية كوستاريكا,,,
91,1,World,19,Americas,419,Latin America and the Caribbean,13,Central America,El Salvador,222,SV,SLV,,,,Developing,,x,Latin America and the Caribbean,Lower Middle Income,El Salvador,El Salvador,El Salvador,Сальвадор,萨尔瓦多,السلفادور,the Republic of El Salvador,la République d'El Salvador,la República de El Salvador,Республика Эль-Сальвадор,萨尔瓦多共和国,جمهورية السلفادور,,,
92,1,World,19,Americas,419,Latin America and the Caribbean,13,Central America,Guatemala,320,GT,GTM,,,,Developing,,x,Latin America and the Caribbean,Upper Middle Income,Guatemala,Guatemala (le),Guatemala,Гватемала,危地马拉,غواتيمالا,the Republic of Guatemala,la République du Guatemala,la República de Guatemala,Республика Гватемала,危地马拉共和国,جمهورية غواتيمالا,,,
93,1,World,19,Americas,419,Latin America and the Caribbean,13,Central America,Honduras,340,HN,HND,,,,Developing,,x,Latin America and the Caribbean,Lower Middle Income,Honduras,Honduras (le),Honduras,Гондурас,洪都拉斯,هندوراس,the Republic of Honduras,la République du Honduras,la República de Honduras,Республика Гондурас,洪都拉斯共和国,جمهورية هندوراس,,,
94,1,World,19,Americas,419,Latin America and the Caribbean,13,Central America,Mexico,484,MX,MEX,,,,Developing,,x,Latin America and the Caribbean,Upper Middle Income,Mexico,Mexique (le),México,Мексика,墨西哥,المكسيك,the United Mexican States,les États-Unis du Mexique,los Estados Unidos Mexicanos,Мексиканские Соединенные Штаты,墨西哥合众国,الولايات المتحدة المكسيكية,,,
95,1,World,19,Americas,419,Latin America and the Caribbean,13,Central America,Nicaragua,558,NI,NIC,,,,Developing,,x,Latin America and the Caribbean,Lower Middle Income,Nicaragua,Nicaragua (le),Nicaragua,Никарагуа,尼加拉瓜,نيكاراغوا,the Republic of Nicaragua,la République du Nicaragua,la República de Nicaragua,Республика Никарагуа,尼加拉瓜共和国,جمهورية نيكاراغوا,,,
96,1,World,19,Americas,419,Latin America and the Caribbean,13,Central America,Panama,591,PA,PAN,,,,Developing,,x,Latin America and the Caribbean,Upper Middle Income,Panama,Panama (le),Panamá,Панама,巴拿马,بنما,the Republic of Panama,la République du Panama,la República de Panamá,Республика Панама,巴拿马共和国,جمهورية بنما,,,
97,1,World,19,Americas,419,Latin America and the Caribbean,5,South America,Argentina,32,AR,ARG,,,,Developing,,x,Latin America and the Caribbean,Upper Middle Income,Argentina,Argentine (l'),Argentina (la),Аргентина,阿根廷,الأرجنتين,the Argentine Republic,la République argentine,la República Argentina,Аргентинская Республика,阿根廷共和国,جمهورية الأرجنتين,,,
98,1,World,19,Americas,419,Latin America and the Caribbean,5,South America,Bolivia (Plurinational State of),68,BO,BOL,,x,,Developing,,x,Latin America and the Caribbean,Lower Middle Income,Bolivia (Plurinational State of),Bolivie (État plurinational de),Bolivia (Estado Plurinacional de),Боливия (Многонациональное Государство),多民族玻利维亚国,بوليفيا (دولة - المتعددة القوميات),the Plurinational State of Bolivia,l'État plurinational de Bolivie,el Estado Plurinacional de Bolivia,Многонациональное Государство Боливия,多民族玻利维亚国,دولة بوليفيا المتعددة القوميات,,,
99,1,World,19,Americas,419,Latin America and the Caribbean,5,South America,Bouvet Island,74,BV,BVT,,,,Developing,,,,,,,,,,,,,,,,,,,
100,1,World,19,Americas,419,Latin America and the Caribbean,5,South America,Brazil,76,BR,BRA,,,,Developing,,x,Latin America and the Caribbean,Upper Middle Income,Brazil,Brésil (le),Brasil (el),Бразилия,巴西,البرازيل,the Federative Republic of Brazil,la République fédérative du Brésil,la República Federativa del Brasil,Федеративная Республика Бразилия,巴西联邦共和国,جمهورية البرازيل الاتحادية,,,
101,1,World,19,Americas,419,Latin America and the Caribbean,5,South America,Chile,152,CL,CHL,,,,Developing,,x,Latin America and the Caribbean,High Income,Chile,Chili (le),Chile,Чили,智利,شيلي,the Republic of Chile,la République du Chili,la República de Chile,Республика Чили,智利共和国,جمهورية شيلي,,,
102,1,World,19,Americas,419,Latin America and the Caribbean,5,South America,Colombia,170,CO,COL,,,,Developing,,x,Latin America and the Caribbean,Upper Middle Income,Colombia,Colombie (la),Colombia,Колумбия,哥伦比亚,كولومبيا,the Republic of Colombia,la République de Colombie,la República de Colombia,Республика Колумбия,哥伦比亚共和国,جمهورية كولومبيا,,,
103,1,World,19,Americas,419,Latin America and the Caribbean,5,South America,Ecuador,218,EC,ECU,,,,Developing,,x,Latin America and the Caribbean,Upper Middle Income,Ecuador,Équateur (l'),Ecuador (el),Эквадор,厄瓜多尔,إكوادور,the Republic of Ecuador,la République de l'Équateur,la República del Ecuador,Республика Эквадор,厄瓜多尔共和国,جمهورية إكوادور,,,
104,1,World,19,Americas,419,Latin America and the Caribbean,5,South America,Falkland Islands (Malvinas),238,FK,FLK,,,,Developing,,,,Upper Middle Income,,,,,,,,,,,,,,,
105,1,World,19,Americas,419,Latin America and the Caribbean,5,South America,French Guiana,254,GF,GUF,,,,Developing,,,,High Income,,,,,,,,,,,,,,,
106,1,World,19,Americas,419,Latin America and the Caribbean,5,South America,Guyana,328,GY,GUY,,,x,Developing,,x,,Upper Middle Income,Guyana,Guyana (le),Guyana,Гайана,圭亚那,غيانا,the Co-operative Republic of Guyana,la République coopérative du Guyana,la República Cooperativa de Guyana,Кооперативная Республика Гайана,圭亚那合作共和国,جمهورية غيانا التعاونية,,,
107,1,World,19,Americas,419,Latin America and the Caribbean,5,South America,Paraguay,600,PY,PRY,,x,,Developing,,x,Latin America and the Caribbean,Upper Middle Income,Paraguay,Paraguay (le),Paraguay (el),Парагвай,巴拉圭,باراغواي,the Republic of Paraguay,la République du Paraguay,la República del Paraguay,Республика Парагвай,巴拉圭共和国,جمهورية باراغواي,,,
108,1,World,19,Americas,419,Latin America and the Caribbean,5,South America,Peru,604,PE,PER,,,,Developing,,x,Latin America and the Caribbean,Upper Middle Income,Peru,Pérou (le),Perú (el),Перу,秘鲁,بيرو,the Republic of Peru,la République du Pérou,la República del Perú,Республика Перу,秘鲁共和国,جمهورية بيرو,,,
109,1,World,19,Americas,419,Latin America and the Caribbean,5,South America,South Georgia and the South Sandwich Islands,239,GS,SGS,,,,Developing,,,,,,,,,,,,,,,,,,,
110,1,World,19,Americas,419,Latin America and the Caribbean,5,South America,Suriname,740,SR,SUR,,,x,Developing,,x,Latin America and the Caribbean,Upper Middle Income,Suriname,Suriname (le),Suriname,Суринам,苏里南,سورينام,the Republic of Suriname,la République du Suriname,la República de Suriname,Республика Суринам,苏里南共和国,جمهورية سورينام,,,
111,1,World,19,Americas,419,Latin America and the Caribbean,5,South America,Uruguay,858,UY,URY,,,,Developing,,x,Latin America and the Caribbean,High Income,Uruguay,Uruguay (l'),Uruguay (el),Уругвай,乌拉圭,أوروغواي,the Eastern Republic of Uruguay,la République orientale de l'Uruguay,la República Oriental del Uruguay,Восточная Республика Уругвай,乌拉圭东岸共和国,جمهورية أوروغواي الشرقية,,,
112,1,World,19,Americas,419,Latin America and the Caribbean,5,South America,Venezuela (Bolivarian Republic of),862,VE,VEN,,,,Developing,,x,Latin America and the Caribbean,,Venezuela (Bolivarian Republic of),Venezuela (République bolivarienne du),Venezuela (República Bolivariana de),Венесуэла (Боливарианская Республика),委内瑞拉玻利瓦尔共和国,فنزويلا (جمهورية - البوليفارية),the Bolivarian Republic of Venezuela,la République bolivarienne du Venezuela,la República Bolivariana de Venezuela,Боливарианская Республика Венесуэла,委内瑞拉玻利瓦尔共和国,جمهورية فنزويلا البوليفارية,,,
113,1,World,19,Americas,21,Northern America,,,Bermuda,60,BM,BMU,,,,Developed,,,,High Income,,,,,,,,,,,,,,,
114,1,World,19,Americas,21,Northern America,,,Canada,124,CA,CAN,,,,Developed,,x,,High Income,Canada,Canada (le),Canadá (el),Канада,加拿大,كندا,Canada,le Canada,el Canadá,Канада,加拿大,كندا,,,
115,1,World,19,Americas,21,Northern America,,,Greenland,304,GL,GRL,,,,Developed,,,,High Income,,,,,,,,,,,,,,,
116,1,World,19,Americas,21,Northern America,,,Saint Pierre and Miquelon,666,PM,SPM,,,,Developed,,,,,,,,,,,,,,,,,,,
117,1,World,19,Americas,21,Northern America,,,United States of America (the),840,US,USA,,,,Developed,,x,,High Income,United States of America (the),États-Unis d'Amérique (les),Estados Unidos de América (los),Соединенные Штаты Америки,美利坚合众国,الولايات المتحدة الأمريكية,the United States of America,les États-Unis d'Amérique,los Estados Unidos de América,Соединенные Штаты Америки,美利坚合众国,الولايات المتحدة الأمريكية,,,
118,1,World,,,,,,,Antarctica,10,AQ,ATA,,,,,,,,,,,,,,,,,,,,,,,
119,1,World,142,Asia,143,Central Asia,,,Kazakhstan,398,KZ,KAZ,,x,,Developing,,x,Europe and Central Asia,Upper Middle Income,Kazakhstan,Kazakhstan (le),Kazajstán,Казахстан,哈萨克斯坦,كازاخستان,the Republic of Kazakhstan,la République du Kazakhstan,la República de Kazajstán,Республика Казахстан,哈萨克斯坦共和国,جمهورية كازاخستان,,,
120,1,World,142,Asia,143,Central Asia,,,Kyrgyzstan,417,KG,KGZ,,x,,Developing,,x,Europe and Central Asia,Lower Middle Income,Kyrgyzstan,Kirghizistan (le),Kirguistán,Кыргызстан,吉尔吉斯斯坦,قيرغيزستان,the Kyrgyz Republic,la République kirghize,la República Kirguisa,Кыргызская Республика,吉尔吉斯共和国,جمهورية قيرغيزستان,,,
121,1,World,142,Asia,143,Central Asia,,,Tajikistan,762,TJ,TJK,,x,,Developing,,x,Europe and Central Asia,Lower Middle Income,Tajikistan,Tadjikistan (le),Tayikistán,Таджикистан,塔吉克斯坦,طاجيكستان,the Republic of Tajikistan,la République du Tadjikistan,la República de Tayikistán,Республика Таджикистан,塔吉克斯坦共和国,جمهورية طاجيكستان,,,
122,1,World,142,Asia,143,Central Asia,,,Turkmenistan,795,TM,TKM,,x,,Developing,,x,Europe and Central Asia,Upper Middle Income,Turkmenistan,Turkménistan (le),Turkmenistán,Туркменистан,土库曼斯坦,تركمانستان,Turkmenistan,le Turkménistan,Turkmenistán,Туркменистан,土库曼斯坦,تركمانستان,,,
123,1,World,142,Asia,143,Central Asia,,,Uzbekistan,860,UZ,UZB,,x,,Developing,,x,Europe and Central Asia,Lower Middle Income,Uzbekistan,Ouzbékistan (l'),Uzbekistán,Узбекистан,乌兹别克斯坦,أوزبكستان,the Republic of Uzbekistan,la République d'Ouzbékistan,la República de Uzbekistán,Республика Узбекистан,乌兹别克斯坦共和国,جمهورية أوزبكستان,,,
124,1,World,142,Asia,30,Eastern Asia,,,China,156,CN,CHN,,,,Developing,,x,East Asia and the Pacific ,Upper Middle Income,China,Chine (la),China,Китай,中国,الصين,the People's Republic of China,la République populaire de Chine,la República Popular China,Китайская Народная Республика,中华人民共和国,جمهورية الصين الشعبية,,,
125,1,World,142,Asia,30,Eastern Asia,,,"China, Hong Kong Special Administrative Region",344,HK,HKG,,,,Developing,,,,High income,,,,,,,,,,,,,,,
126,1,World,142,Asia,30,Eastern Asia,,,"China, Macao Special Administrative Region",446,MO,MAC,,,,Developing,,,,High income,,,,,,,,,,,,,,,
127,1,World,142,Asia,30,Eastern Asia,,,Democratic People's Republic of Korea (the),408,KP,PRK,,,,Developing,,x,East Asia and the Pacific ,Low Income,Democratic People's Republic of Korea (the),République populaire démocratique de Corée (la),República Popular Democrática de Corea (la),Корейская Народно-Демократическая Республика,朝鲜民主主义人民共和国,جمهورية كوريا الشعبية الديمقراطية,the Democratic People's Republic of Korea,la République populaire démocratique de Corée,la República Popular Democrática de Corea,Корейская Народно-Демократическая Республика,朝鲜民主主义人民共和国,جمهورية كوريا الشعبية الديمقراطية,,,
128,1,World,142,Asia,30,Eastern Asia,,,Japan,392,JP,JPN,,,,Developed,,x,,High income,Japan,Japon (le),Japón (el),Япония,日本,اليابان,Japan,le Japon,el Japón,Япония,日本国,اليابان,,,
129,1,World,142,Asia,30,Eastern Asia,,,Mongolia,496,MN,MNG,,x,,Developing,,x,,Lower Middle Income,Mongolia,Mongolie (la),Mongolia,Монголия,蒙古,منغوليا,Mongolia,la Mongolie,Mongolia,Монголия,蒙古国,منغوليا,,,
130,1,World,142,Asia,30,Eastern Asia,,,Republic of Korea (the),410,KR,KOR,,,,Developing,,x,,High income,Republic of Korea (the),République de Corée (la),República de Corea (la),Республика Корея,大韩民国,جمهورية كوريا,the Republic of Korea,la République de Corée,la República de Corea,Республика Корея,大韩民国,جمهورية كوريا,,,
131,1,World,142,Asia,35,South-eastern Asia,,,Brunei Darussalam,96,BN,BRN,,,,Developing,,x,East Asia and the Pacific ,High income,Brunei Darussalam,Brunéi Darussalam (le),Brunei Darussalam,Бруней-Даруссалам,文莱达鲁萨兰国,بروني دار السلام,Brunei Darussalam,le Brunéi Darussalam,Brunei Darussalam,Бруней-Даруссалам,文莱达鲁萨兰国,بروني دار السلام,,,
132,1,World,142,Asia,35,South-eastern Asia,,,Cambodia,116,KH,KHM,x,,,Developing,,x,East Asia and the Pacific ,Lower Middle Income,Cambodia,Cambodge (le),Camboya,Камбоджа,柬埔寨,كمبوديا,the Kingdom of Cambodia,le Royaume du Cambodge,el Reino de Camboya,Королевство Камбоджа,柬埔寨王国,مملكة كمبوديا,,,
133,1,World,142,Asia,35,South-eastern Asia,,,Indonesia,360,ID,IDN,,,,Developing,,x,East Asia and the Pacific ,Lower Middle Income,Indonesia,Indonésie (l'),Indonesia,Индонезия,印度尼西亚,إندونيسيا,the Republic of Indonesia,la République d'Indonésie,la República de Indonesia,Республика Индонезия,印度尼西亚共和国,جمهورية إندونيسيا,,,
134,1,World,142,Asia,35,South-eastern Asia,,,Lao People's Democratic Republic (the),418,LA,LAO,x,x,,Developing,,x,East Asia and the Pacific ,Lower Middle Income,Lao People's Democratic Republic (the),République démocratique populaire lao (la),República Democrática Popular Lao (la),Лаосская Народно-Демократическая Республика,老挝人民民主共和国,جمهورية لاو الديمقراطية الشعبية,the Lao People's Democratic Republic,la République démocratique populaire lao,la República Democrática Popular Lao,Лаосская Народно-Демократическая Республика,老挝人民民主共和国,جمهورية لاو الديمقراطية الشعبية,,,
135,1,World,142,Asia,35,South-eastern Asia,,,Malaysia,458,MY,MYS,,,,Developing,,x,East Asia and the Pacific ,Upper Middle Income,Malaysia,Malaisie (la),Malasia,Малайзия,马来西亚,ماليزيا,Malaysia,la Malaisie,Malasia,Малайзия,马来西亚,ماليزيا,,,
136,1,World,142,Asia,35,South-eastern Asia,,,Myanmar,104,MM,MMR,x,,,Developing,,x,East Asia and the Pacific ,Lower Middle Income,Myanmar,Myanmar (le),Myanmar,Мьянма,缅甸,ميانمار,the Republic of the Union of Myanmar,la République de l'Union du Myanmar,la República de la Unión de Myanmar,Республика Союз Мьянма,缅甸联邦共和国,جمهورية اتحاد ميانمار,,,
137,1,World,142,Asia,35,South-eastern Asia,,,Philippines (the),608,PH,PHL,,,,Developing,,x,East Asia and the Pacific ,Lower Middle Income,Philippines (the),Philippines (les),Filipinas,Филиппины,菲律宾,الفلبين,the Republic of the Philippines,la République des Philippines,la República de Filipinas,Республика Филиппины,菲律宾共和国,جمهورية الفلبين,,,
138,1,World,142,Asia,35,South-eastern Asia,,,Singapore,702,SG,SGP,,,x,Developing,,x,East Asia and the Pacific ,High Income,Singapore,Singapour,Singapur,Сингапур,新加坡,سنغافورة,the Republic of Singapore,la République de Singapour,la República de Singapur,Республика Сингапур,新加坡共和国,جمهورية سنغافورة,,,
139,1,World,142,Asia,35,South-eastern Asia,,,Thailand,764,TH,THA,,,,Developing,,x,East Asia and the Pacific ,Upper Middle Income,Thailand,Thaïlande (la),Tailandia,Таиланд,泰国,تايلند,the Kingdom of Thailand,le Royaume de Thaïlande,el Reino de Tailandia,Королевство Таиланд,泰王国,مملكة تايلند,,,
140,1,World,142,Asia,35,South-eastern Asia,,,Timor-Leste,626,TL,TLS,x,,x,Developing,,x,East Asia and the Pacific ,Lower Middle Income,Timor-Leste,Timor-Leste (le),Timor-Leste,Тимор-Лешти,东帝汶,تيمور- ليشتي,the Democratic Republic of Timor-Leste,la République démocratique du Timor-Leste,la República Democrática de Timor-Leste,Демократическая Республика Тимор-Лешти,东帝汶民主共和国,جمهورية تيمور - ليشتي الديمقراطية,,,
141,1,World,142,Asia,35,South-eastern Asia,,,Viet Nam,704,VN,VNM,,,,Developing,,x,East Asia and the Pacific ,Lower Middle Income,Viet Nam,Viet Nam (le),Viet Nam,Вьетнам,越南,فييت نام,the Socialist Republic of Viet Nam,la République socialiste du Viet Nam,la República Socialista de Viet Nam,Социалистическая Республика Вьетнам,越南社会主义共和国,جمهورية فييت نام الاشتراكية,,,
142,1,World,142,Asia,34,Southern Asia,,,Afghanistan,4,AF,AFG,x,x,,Developing,,x,South Asia,Low Income,Afghanistan,Afghanistan (l'),Afganistán (el),Афганистан,阿富汗,أفغانستان,the Islamic Republic of Afghanistan,la République islamique d'Afghanistan,la República Islámica del Afganistán,Исламская Республика Афганистан,阿富汗伊斯兰共和国,جمهورية أفغانستان الإسلامية,,,
143,1,World,142,Asia,34,Southern Asia,,,Bangladesh,50,BD,BGD,x,,,Developing,,x,South Asia,Lower Middle Income,Bangladesh,Bangladesh (le),Bangladesh,Бангладеш,孟加拉国,بنغلاديش,the People's Republic of Bangladesh,la République populaire du Bangladesh,la República Popular de Bangladesh,Народная Республика Бангладеш,孟加拉人民共和国,جمهورية بنغلاديش الشعبية,,,
144,1,World,142,Asia,34,Southern Asia,,,Bhutan,64,BT,BTN,x,x,,Developing,,x,South Asia,Lower Middle Income,Bhutan,Bhoutan (le),Bhután,Бутан,不丹,بوتان,the Kingdom of Bhutan,le Royaume du Bhoutan,el Reino de Bhután,Королевство Бутан,不丹王国,مملكة بوتان,,,
145,1,World,142,Asia,34,Southern Asia,,,India,356,IN,IND,,,,Developing,,x,South Asia,Lower Middle Income,India,Inde (l'),India (la),Индия,印度,الهند,the Republic of India,la République de l'Inde,la República de la India,Республика Индия,印度共和国,جمهورية الهند,,,
146,1,World,142,Asia,34,Southern Asia,,,Iran (Islamic Republic of),364,IR,IRN,,,,Developing,,x,South Asia,Lower Middle Income,Iran (Islamic Republic of),Iran (République islamique d'),Irán (República Islámica del),Иран (Исламская Республика),伊朗伊斯兰共和国,إيران (جمهورية - الإسلامية),the Islamic Republic of Iran,la République islamique d'Iran,la República Islámica del Irán,Исламская Республика Иран,伊朗伊斯兰共和国,جمهورية إيران الإسلامية,,,
147,1,World,142,Asia,34,Southern Asia,,,Maldives,462,MV,MDV,,,x,Developing,,x,South Asia,Upper Middle Income,Maldives,Maldives (les),Maldivas,Мальдивские Острова,马尔代夫,ملديف,the Republic of Maldives,la République des Maldives,la República de Maldivas,Мальдивская Республика,马尔代夫共和国,جمهورية ملديف,,,
148,1,World,142,Asia,34,Southern Asia,,,Nepal,524,NP,NPL,x,x,,Developing,,x,South Asia,Lower Middle Income,Nepal,Népal (le),Nepal,Непал,尼泊尔,نيبال,Nepal,le Népal,Nepal,Непал,尼泊尔,نيبال,,,
149,1,World,142,Asia,34,Southern Asia,,,Pakistan,586,PK,PAK,,,,Developing,,x,South Asia,Lower Middle Income,Pakistan,Pakistan (le),Pakistán (el),Пакистан,巴基斯坦,باكستان,the Islamic Republic of Pakistan,la République islamique du Pakistan,la República Islámica del Pakistán,Исламская Республика Пакистан,巴基斯坦伊斯兰共和国,جمهورية باكستان الإسلامية,,,
150,1,World,142,Asia,34,Southern Asia,,,Sri Lanka,144,LK,LKA,,,,Developing,,x,South Asia,Lower Middle Income,Sri Lanka,Sri Lanka,Sri Lanka,Шри-Ланка,斯里兰卡,سري لانكا,the Democratic Socialist Republic of Sri Lanka,la République socialiste démocratique de Sri Lanka,la República Socialista Democrática de Sri Lanka,Демократическая Социалистическая Республика Шри-Ланка,斯里兰卡民主社会主义共和国,جمهورية سري لانكا الاشتراكية الديمقراطية,,,
151,1,World,142,Asia,145,Western Asia,,,Armenia,51,AM,ARM,,x,,Developing,,x,Europe and Central Asia,Upper Middle Income,Armenia,Arménie (l'),Armenia,Армения,亚美尼亚,أرمينيا,the Republic of Armenia,la République d'Arménie,la República de Armenia,Республика Армения,亚美尼亚共和国,جمهورية أرمينيا,,,
152,1,World,142,Asia,145,Western Asia,,,Azerbaijan,31,AZ,AZE,,x,,Developing,,x,Europe and Central Asia,Upper Middle Income,Azerbaijan,Azerbaïdjan (l'),Azerbaiyán,Азербайджан,阿塞拜疆,أذربيجان,the Republic of Azerbaijan,la République d'Azerbaïdjan,la República de Azerbaiyán,Азербайджанская Республика,阿塞拜疆共和国,جمهورية أذربيجان,,,
153,1,World,142,Asia,145,Western Asia,,,Bahrain,48,BH,BHR,,,,Developing,,x,,High Income,Bahrain,Bahreïn,Bahrein,Бахрейн,巴林,البحرين,the Kingdom of Bahrain,le Royaume de Bahreïn,el Reino de Bahrein,Королевство Бахрейн,巴林王国,مملكة البحرين,,,
154,1,World,142,Asia,145,Western Asia,,,Cyprus,196,CY,CYP,,,,Developed,,x,,High Income,Cyprus,Chypre,Chipre,Кипр,塞浦路斯,قبرص,the Republic of Cyprus,la République de Chypre,la República de Chipre,Республика Кипр,塞浦路斯共和国,جمهورية قبرص,,,
155,1,World,142,Asia,145,Western Asia,,,Georgia,268,GE,GEO,,,,Developing,,x,Europe and Central Asia,Upper Middle Income,Georgia,Géorgie (la),Georgia,Грузия,格鲁吉亚,جورجيا,Georgia,la Géorgie,Georgia,Грузия,格鲁吉亚,جورجيا,,,
156,1,World,142,Asia,145,Western Asia,,,Iraq,368,IQ,IRQ,,,,Developing,,x,Arab States ,Upper Middle Income,Iraq,Iraq (l'),Iraq (el),Ирак,伊拉克,العراق,the Republic of Iraq,la République d'Iraq,la República del Iraq,Республика Ирак,伊拉克共和国,جمهورية العراق,,,
157,1,World,142,Asia,145,Western Asia,,,Israel,376,IL,ISR,,,,Developed,,x,,High Income,Israel,Israël,Israel,Израиль,以色列,إسرائيل,the State of Israel,l'État d'Israël,el Estado de Israel,Государство Израиль,以色列国,دولة إسرائيل,,,
158,1,World,142,Asia,145,Western Asia,,,Jordan,400,JO,JOR,,,,Developing,,x,Arab States ,Upper Middle Income,Jordan,Jordanie (la),Jordania,Иордания,约旦,الأردن,the Hashemite Kingdom of Jordan,le Royaume hachémite de Jordanie,el Reino Hachemita de Jordania,Иорданское Хашимитское Королевство,约旦哈希姆王国,المملكة الأردنية الهاشمية,,,
159,1,World,142,Asia,145,Western Asia,,,Kuwait,414,KW,KWT,,,,Developing,,x,Arab States ,High Income,Kuwait,Koweït (le),Kuwait,Кувейт,科威特,الكويت,the State of Kuwait,l'État du Koweït,el Estado de Kuwait,Государство Кувейт,科威特国,دولة الكويت,,,
160,1,World,142,Asia,145,Western Asia,,,Lebanon,422,LB,LBN,,,,Developing,,x,Arab States ,Upper Middle Income,Lebanon,Liban (le),Líbano (el),Ливан,黎巴嫩,لبنان,the Lebanese Republic,la République libanaise,la República Libanesa,Ливанская Республика,黎巴嫩共和国,الجمهورية اللبنانية,,,
161,1,World,142,Asia,145,Western Asia,,,Oman,512,OM,OMN,,,,Developing,,x,Arab States ,High Income,Oman,Oman,Omán,Оман,阿曼,عمان,the Sultanate of Oman,le Sultanat d'Oman,la Sultanía de Omán,Султанат Оман,阿曼苏丹国,سلطنة عمان,,,
162,1,World,142,Asia,145,Western Asia,,,Qatar,634,QA,QAT,,,,Developing,,x,Arab States ,High Income,Qatar,Qatar (le),Qatar,Катар,卡塔尔,قطر,the State of Qatar,l'État du Qatar,el Estado de Qatar,Государство Катар,卡塔尔国,دولة قطر,,,
163,1,World,142,Asia,145,Western Asia,,,Saudi Arabia,682,SA,SAU,,,,Developing,,x,Arab States ,High Income,Saudi Arabia,Arabie saoudite (l'),Arabia Saudita (la),Саудовская Аравия,沙特阿拉伯,المملكة العربية السعودية,the Kingdom of Saudi Arabia,le Royaume d'Arabie saoudite,el Reino de la Arabia Saudita,Королевство Саудовская Аравия,沙特阿拉伯王国,المملكة العربية السعودية,,,
164,1,World,142,Asia,145,Western Asia,,,State of Palestine (the),275,PS,PSE,,,,Developing,,,Arab States ,,State of Palestine (the) *,État de Palestine (l') *,Estado de Palestina (el) *,Государство Палестина *,巴勒斯坦国 *,دولة فلسطين *,the State of Palestine *,l'État de Palestine *,el Estado de Palestina *,Государство Палестина *,巴勒斯坦国 *,دولة فلسطين *,,,
165,1,World,142,Asia,145,Western Asia,,,Syrian Arab Republic (the),760,SY,SYR,,,,Developing,,x,Arab States ,Low Income,Syrian Arab Republic (the),République arabe syrienne (la),República Árabe Siria (la),Сирийская Арабская Республика,阿拉伯叙利亚共和国,الجمهورية العربية السورية,the Syrian Arab Republic,la République arabe syrienne,la República Árabe Siria,Сирийская Арабская Республика,阿拉伯叙利亚共和国,الجمهورية العربية السورية,,,
166,1,World,142,Asia,145,Western Asia,,,Turkey,792,TR,TUR,,,,Developing,,x,,Upper Middle Income,Turkey,Turquie (la),Turquía,Турция,土耳其,تركيا,the Republic of Turkey,la République turque,la República de Turquía,Турецкая Республика,土耳其共和国,جمهورية تركيا,,,
167,1,World,142,Asia,145,Western Asia,,,United Arab Emirates (the),784,AE,ARE,,,,Developing,,x,,High Income,United Arab Emirates (the),Émirats arabes unis (les),Emiratos Árabes Unidos (los),Объединенные Арабские Эмираты,阿拉伯联合酋长国,الإمارات العربية المتحدة,the United Arab Emirates,les Émirats arabes unis,los Emiratos Árabes Unidos,Объединенные Арабские Эмираты,阿拉伯联合酋长国,الإمارات العربية المتحدة,,,
168,1,World,142,Asia,145,Western Asia,,,Yemen,887,YE,YEM,x,,,Developing,,x,Arab States ,Low Income,Yemen,Yémen (le),Yemen (el),Йемен,也门,اليمن,the Republic of Yemen,la République du Yémen,la República del Yemen,Йеменская Республика,也门共和国,الجمهورية اليمنية,,,
169,1,World,150,Europe,151,Eastern Europe,,,Belarus,112,BY,BLR,,,,Developed,,x,Europe and Central Asia,Upper Middle Income,Belarus,Bélarus (le),Belarús,Беларусь,白俄罗斯,بيلاروس,the Republic of Belarus,la République du Bélarus,la República de Belarús,Республика Беларусь,白俄罗斯共和国,جمهورية بيلاروس,,,
170,1,World,150,Europe,151,Eastern Europe,,,Bulgaria,100,BG,BGR,,,,Developed,,x,,Upper Middle Income,Bulgaria,Bulgarie (la),Bulgaria,Болгария,保加利亚,بلغاريا,the Republic of Bulgaria,la République de Bulgarie,la República de Bulgaria,Республика Болгария,保加利亚共和国,جمهورية بلغاريا,,,
171,1,World,150,Europe,151,Eastern Europe,,,Czechia,203,CZ,CZE,,,,Developed,,x,,High income,Czechia,Tchéquie (la),Chequia,Чехия,捷克,تشيكيا,the Czech Republic,la République tchèque,la República Checa,Чешская Республика,捷克共和国,الجمهورية التشيكية,,,
172,1,World,150,Europe,151,Eastern Europe,,,Hungary,348,HU,HUN,,,,Developed,,x,,High income,Hungary,Hongrie (la),Hungría,Венгрия,匈牙利,هنغاريا,Hungary,la Hongrie,Hungría,Венгрия,匈牙利,هنغاريا,,,
173,1,World,150,Europe,151,Eastern Europe,,,Poland,616,PL,POL,,,,Developed,,x,,High income,Poland,Pologne (la),Polonia,Польша,波兰,بولندا,the Republic of Poland,la République de Pologne,la República de Polonia,Республика Польша,波兰共和国,جمهورية بولندا,,,
174,1,World,150,Europe,151,Eastern Europe,,,Republic of Moldova (the),498,MD,MDA,,x,,Developed,,x,Europe and Central Asia,Upper Middle Income,Republic of Moldova (the),République de Moldova (la),República de Moldova (la),Республика Молдова,摩尔多瓦共和国,جمهورية مولدوفا,the Republic of Moldova,la République de Moldova,la República de Moldova,Республика Молдова,摩尔多瓦共和国,جمهورية مولدوفا,,,
175,1,World,150,Europe,151,Eastern Europe,,,Romania,642,RO,ROU,,,,Developed,,x,,Upper Middle Income,Romania,Roumanie (la),Rumania,Румыния,罗马尼亚,رومانيا,Romania,la Roumanie,Rumania,Румыния,罗马尼亚,رومانيا,,,
176,1,World,150,Europe,151,Eastern Europe,,,Russian Federation (the),643,RU,RUS,,,,Developed,,x,,Upper Middle Income,Russian Federation (the),Fédération de Russie (la),Federación de Rusia (la),Российская Федерация,俄罗斯联邦,الاتحاد الروسي,the Russian Federation,la Fédération de Russie,la Federación de Rusia,Российская Федерация,俄罗斯联邦,الاتحاد الروسي,,,
177,1,World,150,Europe,151,Eastern Europe,,,Slovakia,703,SK,SVK,,,,Developed,,x,,High Income,Slovakia,Slovaquie (la),Eslovaquia,Словакия,斯洛伐克,سلوفاكيا,the Slovak Republic,la République slovaque,la República Eslovaca,Словацкая Республика,斯洛伐克共和国,الجمهورية السلوفاكية,,,
178,1,World,150,Europe,151,Eastern Europe,,,Ukraine,804,UA,UKR,,,,Developed,,x,,Lower Middle Income,Ukraine,Ukraine (l'),Ucrania,Украина,乌克兰,أوكرانيا,Ukraine,l'Ukraine,Ucrania,Украина,乌克兰,أوكرانيا,,,
179,1,World,150,Europe,154,Northern Europe,,,Åland Islands,248,AX,ALA,,,,Developed,,,,,,,,,,,,,,,,,,,
180,1,World,150,Europe,154,Northern Europe,830,Channel Islands,Guernsey,831,GG,GGY,,,,Developed,,,,,,,,,,,,,,,,,,,
181,1,World,150,Europe,154,Northern Europe,830,Channel Islands,Jersey,832,JE,JEY,,,,Developed,,,,,,,,,,,,,,,,,,,
182,1,World,150,Europe,154,Northern Europe,830,Channel Islands,Sark,680,,,,,,Developed,,,,,,,,,,,,,,,,,,,
183,1,World,150,Europe,154,Northern Europe,,,Denmark,208,DK,DNK,,,,Developed,,x,,High Income,Denmark,Danemark (le),Dinamarca,Дания,丹麦,الدانمرك,the Kingdom of Denmark,le Royaume du Danemark,el Reino de Dinamarca,Королевство Дания,丹麦王国,مملكة الدانمرك,,,
184,1,World,150,Europe,154,Northern Europe,,,Estonia,233,EE,EST,,,,Developed,,x,,High Income,Estonia,Estonie (l'),Estonia,Эстония,爱沙尼亚,إستونيا,the Republic of Estonia,la République d'Estonie,la República de Estonia,Эстонская Республика,爱沙尼亚共和国,جمهورية إستونيا,,,
185,1,World,150,Europe,154,Northern Europe,,,Faroe Islands,234,FO,FRO,,,,Developed,,,,High Income,,,,,,,,,,,,,,,
186,1,World,150,Europe,154,Northern Europe,,,Finland,246,FI,FIN,,,,Developed,,x,,High Income,Finland,Finlande (la),Finlandia,Финляндия,芬兰,فنلندا,the Republic of Finland,la République de Finlande,la República de Finlandia,Финляндская Республика,芬兰共和国,جمهورية فنلندا,,,
187,1,World,150,Europe,154,Northern Europe,,,Iceland,352,IS,ISL,,,,Developed,,x,,High Income,Iceland,Islande (l'),Islandia,Исландия,冰岛,آيسلندا,the Republic of Iceland,la République d'Islande,la República de Islandia,Республика Исландия,冰岛共和国,جمهورية آيسلندا,,,
188,1,World,150,Europe,154,Northern Europe,,,Ireland,372,IE,IRL,,,,Developed,,x,,High Income,Ireland,Irlande (l'),Irlanda,Ирландия,爱尔兰,أيرلندا,Ireland,l'Irlande,Irlanda,Ирландия,爱尔兰,أيرلندا,,,
189,1,World,150,Europe,154,Northern Europe,,,Isle of Man,833,IM,IMN,,,,Developed,,,,High Income,,,,,,,,,,,,,,,
190,1,World,150,Europe,154,Northern Europe,,,Latvia,428,LV,LVA,,,,Developed,,x,,High Income,Latvia,Lettonie (la),Letonia,Латвия,拉脱维亚,لاتفيا,the Republic of Latvia,la République de Lettonie,la República de Letonia,Латвийская Республика,拉脱维亚共和国,جمهورية لاتفيا,,,
191,1,World,150,Europe,154,Northern Europe,,,Lithuania,440,LT,LTU,,,,Developed,,x,,High Income,Lithuania,Lituanie (la),Lituania,Литва,立陶宛,ليتوانيا,the Republic of Lithuania,la République de Lituanie,la República de Lituania,Литовская Республика,立陶宛共和国,جمهورية ليتوانيا,,,
192,1,World,150,Europe,154,Northern Europe,,,Norway,578,NO,NOR,,,,Developed,,x,,High Income,Norway,Norvège (la),Noruega,Норвегия,挪威,النرويج,the Kingdom of Norway,le Royaume de Norvège,el Reino de Noruega,Королевство Норвегия,挪威王国,مملكة النرويج,,,
193,1,World,150,Europe,154,Northern Europe,,,Svalbard and Jan Mayen Islands,744,SJ,SJM,,,,Developed,,,,,,,,,,,,,,,,,,,
194,1,World,150,Europe,154,Northern Europe,,,Sweden,752,SE,SWE,,,,Developed,,x,,High Income,Sweden,Suède (la),Suecia,Швеция,瑞典,السويد,the Kingdom of Sweden,le Royaume de Suède,el Reino de Suecia,Королевство Швеция,瑞典王国,مملكة السويد,,,
195,1,World,150,Europe,154,Northern Europe,,,United Kingdom of Great Britain and Northern Ireland (the),826,GB,GBR,,,,Developed,,x,,High Income,United Kingdom of Great Britain and Northern Ireland (the),Royaume-Uni de Grande-Bretagne et d'Irlande du Nord (le),Reino Unido de Gran Bretaña e Irlanda del Norte (el),Соединенное Королевство Великобритании и Северной Ирландии,大不列颠及北爱尔兰联合王国,المملكة المتحدة لبريطانيا العظمى وأيرلندا الشمالية,the United Kingdom of Great Britain and Northern Ireland,le Royaume-Uni de Grande-Bretagne et d'Irlande du Nord,el Reino Unido de Gran Bretaña e Irlanda del Norte,Соединенное Королевство Великобритании и Северной Ирландии,大不列颠及北爱尔兰联合王国,المملكة المتحدة لبريطانيا العظمى وأيرلندا الشمالية,,,
196,1,World,150,Europe,39,Southern Europe,,,Albania,8,AL,ALB,,,,Developed,,x,Europe and Central Asia,Upper Middle Income,Albania,Albanie (l'),Albania,Албания,阿尔巴尼亚,ألبانيا,the Republic of Albania,la République d'Albanie,la República de Albania,Республика Албания,阿尔巴尼亚共和国,جمهورية ألبانيا,,,
197,1,World,150,Europe,39,Southern Europe,,,Andorra,20,AD,AND,,,,Developed,,x,,High Income,Andorra,Andorre (l'),Andorra,Андорра,安道尔,أندورا,the Principality of Andorra,la Principauté d'Andorre,el Principado de Andorra,Княжество Андорра,安道尔公国,إمارة أندورا,,,
198,1,World,150,Europe,39,Southern Europe,,,Bosnia and Herzegovina,70,BA,BIH,,,,Developed,,x,Europe and Central Asia,Upper Middle Income,Bosnia and Herzegovina,Bosnie-Herzégovine (la),Bosnia y Herzegovina,Босния и Герцеговина,波斯尼亚和黑塞哥维那,البوسنة والهرسك,Bosnia and Herzegovina,la Bosnie-Herzégovine,Bosnia y Herzegovina,Босния и Герцеговина,波斯尼亚和黑塞哥维那,البوسنة والهرسك,,,
199,1,World,150,Europe,39,Southern Europe,,,Croatia,191,HR,HRV,,,,Developed,,x,,High Income,Croatia,Croatie (la),Croacia,Хорватия,克罗地亚,كرواتيا,the Republic of Croatia,la République de Croatie,la República de Croacia,Республика Хорватия,克罗地亚共和国,جمهورية كرواتيا,,,
200,1,World,150,Europe,39,Southern Europe,,,Gibraltar,292,GI,GIB,,,,Developed,,,,High Income,,,,,,,,,,,,,,,
201,1,World,150,Europe,39,Southern Europe,,,Greece,300,GR,GRC,,,,Developed,,x,,High Income,Greece,Grèce (la),Grecia,Греция,希腊,اليونان,the Hellenic Republic,la République hellénique,la República Helénica,Греческая Республика,希腊共和国,الجمهورية الهيلينية,,,
202,1,World,150,Europe,39,Southern Europe,,,Holy See (the),336,VA,VAT,,,,Developed,,,,,Holy See (the) *,Saint-Siège (le) *,Santa Sede (la) *,Святой Престол *,罗马教廷 *,الكرسي الرسولي *,the Holy See *,le Saint-Siège *,la Santa Sede *,Святой Престол *,罗马教廷 *,الكرسي الرسولي *,,,
203,1,World,150,Europe,39,Southern Europe,,,Italy,380,IT,ITA,,,,Developed,,x,,High Income,Italy,Italie (l'),Italia,Италия,意大利,إيطاليا,the Republic of Italy,la République italienne,la República Italiana,Итальянская Республика,意大利共和国,جمهورية إيطاليا,,,
204,1,World,150,Europe,39,Southern Europe,,,Kosovo (UNSCR 1244),383,XK,XKK,,,,,,,,Upper Middle Income,Kosovo (UNSCR 1244),,,,,,,,,,,,,,
205,1,World,150,Europe,39,Southern Europe,,,Malta,470,MT,MLT,,,,Developed,,x,,High Income,Malta,Malte,Malta,Мальта,马耳他,مالطة,the Republic of Malta,la République de Malte,la República de Malta,Республика Мальта,马耳他共和国,جمهورية مالطة,,,
206,1,World,150,Europe,39,Southern Europe,,,Montenegro,499,ME,MNE,,,,Developed,,x,Europe and Central Asia,Upper Middle Income,Montenegro,Monténégro (le),Montenegro,Черногория,黑山,الجبل الأسود,Montenegro,le Monténégro,Montenegro,Черногория,黑山,الجبل الأسود,,,
207,1,World,150,Europe,39,Southern Europe,,,North Macedonia,807,MK,MKD,,x,,Developed,,x,Europe and Central Asia,Upper Middle Income,North Macedonia,Macédoine du Nord (la),Macedonia del Norte,Северная Македония,北马其顿,مقدونيا الشمالية,the Republic of North Macedonia,la République de Macédoine du Nord,la República de Macedonia del Norte,Республика Северная Македония,北马其顿共和国,جمهورية مقدونيا الشمالية,,,
208,1,World,150,Europe,39,Southern Europe,,,Portugal,620,PT,PRT,,,,Developed,,x,,High Income,Portugal,Portugal (le),Portugal,Португалия,葡萄牙,البرتغال,the Portuguese Republic,la République portugaise,la República Portuguesa,Португальская Республика,葡萄牙共和国,جمهورية البرتغال,,,
209,1,World,150,Europe,39,Southern Europe,,,San Marino,674,SM,SMR,,,,Developed,,x,,High Income,San Marino,Saint-Marin,San Marino,Сан-Марино,圣马力诺,سان مارينو,the Republic of San Marino,la République de Saint-Marin,la República de San Marino,Республика Сан-Марино,圣马力诺共和国,جمهورية سان مارينو,,,
210,1,World,150,Europe,39,Southern Europe,,,Serbia,688,RS,SRB,,,,Developed,,x,Europe and Central Asia,Upper Middle Income,Serbia,Serbie (la),Serbia,Сербия,塞尔维亚,صربيا,the Republic of Serbia,la République de Serbie,la República de Serbia,Республика Сербия,塞尔维亚共和国,جمهورية صربيا,,,
211,1,World,150,Europe,39,Southern Europe,,,Slovenia,705,SI,SVN,,,,Developed,,x,,High Income,Slovenia,Slovénie (la),Eslovenia,Словения,斯洛文尼亚,سلوفينيا,the Republic of Slovenia,la République de Slovénie,la República de Eslovenia,Республика Словения,斯洛文尼亚共和国,جمهورية سلوفينيا,,,
212,1,World,150,Europe,39,Southern Europe,,,Spain,724,ES,ESP,,,,Developed,,x,,High Income,Spain,Espagne (l'),España,Испания,西班牙,إسبانيا,the Kingdom of Spain,le Royaume d'Espagne,el Reino de España,Королевство Испания,西班牙王国,مملكة إسبانيا,,,
213,1,World,150,Europe,155,Western Europe,,,Austria,40,AT,AUT,,,,Developed,,x,,High Income,Austria,Autriche (l'),Austria,Австрия,奥地利,النمسا,the Republic of Austria,la République d'Autriche,la República de Austria,Австрийская Республика,奥地利共和国,جمهورية النمسا,,,
214,1,World,150,Europe,155,Western Europe,,,Belgium,56,BE,BEL,,,,Developed,,x,,High Income,Belgium,Belgique (la),Bélgica,Бельгия,比利时,بلجيكا,the Kingdom of Belgium,le Royaume de Belgique,el Reino de Bélgica,Королевство Бельгия,比利时王国,مملكة بلجيكا,,,
215,1,World,150,Europe,155,Western Europe,,,France,250,FR,FRA,,,,Developed,,x,,High Income,France,France (la),Francia,Франция,法国,فرنسا,the French Republic,la République française,la República Francesa,Французская Республика,法兰西共和国,الجمهورية الفرنسية,,,
216,1,World,150,Europe,155,Western Europe,,,Germany,276,DE,DEU,,,,Developed,,x,,High Income,Germany,Allemagne (l'),Alemania,Германия,德国,ألمانيا,the Federal Republic of Germany,la République fédérale d'Allemagne,la República Federal de Alemania,Федеративная Республика Германия,德意志联邦共和国,جمهورية ألمانيا الاتحادية,,,
217,1,World,150,Europe,155,Western Europe,,,Liechtenstein,438,LI,LIE,,,,Developed,,x,,High Income,Liechtenstein,Liechtenstein (le),Liechtenstein,Лихтенштейн,列支敦士登,ليختنشتاين,the Principality of Liechtenstein,la Principauté du Liechtenstein,el Principado de Liechtenstein,Княжество Лихтенштейн,列支敦士登公国,إمارة ليختنشتاين,,,
218,1,World,150,Europe,155,Western Europe,,,Luxembourg,442,LU,LUX,,,,Developed,,x,,High Income,Luxembourg,Luxembourg (le),Luxemburgo,Люксембург,卢森堡,لكسمبرغ,the Grand Duchy of Luxembourg,le Grand-Duché de Luxembourg,el Gran Ducado de Luxemburgo,Великое Герцогство Люксембург,卢森堡大公国,دوقية لكسمبرغ الكبرى,,,
219,1,World,150,Europe,155,Western Europe,,,Monaco,492,MC,MCO,,,,Developed,,x,,High Income,Monaco,Monaco,Mónaco,Монако,摩纳哥,موناكو,the Principality of Monaco,la Principauté de Monaco,el Principado de Mónaco,Княжество Монако,摩纳哥公国,إمارة موناكو,,,
220,1,World,150,Europe,155,Western Europe,,,Netherlands (the),528,NL,NLD,,,,Developed,,x,,High Income,Netherlands (the),Pays-Bas (les),Países Bajos (los),Нидерланды,荷兰,هولندا,the Kingdom of the Netherlands,le Royaume des Pays-Bas,el Reino de los Países Bajos,Королевство Нидерландов,荷兰王国,مملكة هولندا,,,
221,1,World,150,Europe,155,Western Europe,,,Switzerland,756,CH,CHE,,,,Developed,,x,,High Income,Switzerland,Suisse (la),Suiza,Швейцария,瑞士,سويسرا,the Swiss Confederation,la Confédération suisse,la Confederación Suiza,Швейцарская Конфедерация,瑞士联邦,الاتحاد السويسري,,,
222,1,World,9,Oceania,53,Australia and New Zealand,,,Australia,36,AU,AUS,,,,Developed,,x,,High Income,Australia,Australie (l'),Australia,Австралия,澳大利亚,أستراليا,Australia,l'Australie,Australia,Австралия,澳大利亚,أستراليا,,,
223,1,World,9,Oceania,53,Australia and New Zealand,,,Christmas Island,162,CX,CXR,,,,Developed,,,,,,,,,,,,,,,,,,,
224,1,World,9,Oceania,53,Australia and New Zealand,,,Cocos (Keeling) Islands,166,CC,CCK,,,,Developed,,,,,,,,,,,,,,,,,,,
225,1,World,9,Oceania,53,Australia and New Zealand,,,Heard Island and McDonald Islands,334,HM,HMD,,,,Developed,,,,,,,,,,,,,,,,,,,
226,1,World,9,Oceania,53,Australia and New Zealand,,,New Zealand,554,NZ,NZL,,,,Developed,,x,,High income,New Zealand,Nouvelle-Zélande (la),Nueva Zelandia,Новая Зеландия,新西兰,نيوزيلندا,New Zealand,la Nouvelle-Zélande,Nueva Zelandia,Новая Зеландия,新西兰,نيوزيلندا,,,
227,1,World,9,Oceania,53,Australia and New Zealand,,,Norfolk Island,574,NF,NFK,,,,Developed,,,,,,,,,,,,,,,,,,,
228,1,World,9,Oceania,54,Melanesia,,,Fiji,242,FJ,FJI,,,x,Developing,,x,East Asia and the Pacific,Upper Middle Income,Fiji,Fidji (les),Fiji,Фиджи,斐济,فيجي,the Republic of Fiji,la République des Fidji,la República de Fiji,Республика  Фиджи,斐济共和国,جمهورية فيجي,,,
229,1,World,9,Oceania,54,Melanesia,,,New Caledonia,540,NC,NCL,,,x,Developing,,,,High income,,,,,,,,,,,,,,,
230,1,World,9,Oceania,54,Melanesia,,,Papua New Guinea,598,PG,PNG,,,x,Developing,,x,East Asia and the Pacific,Lower Middle Income,Papua New Guinea,Papouasie-Nouvelle-Guinée (la),Papua Nueva Guinea,Папуа — Новая Гвинея,巴布亚新几内亚,بابوا غينيا الجديدة,the Independent State of Papua New Guinea,l'État indépendant de Papouasie-Nouvelle-Guinée,el Estado Independiente de Papua Nueva Guinea,Независимое государство Папуа — Новая Гвинея,巴布亚新几内亚独立国,دولة بابوا غينيا الجديدة المستقلة,,,
231,1,World,9,Oceania,54,Melanesia,,,Solomon Islands,90,SB,SLB,x,,x,Developing,,x,East Asia and the Pacific,Lower Middle Income,Solomon Islands,Îles Salomon (les),Islas Salomón (las),Соломоновы Острова,所罗门群岛,جزر سليمان,Solomon Islands,les Îles Salomon,las Islas Salomón,Соломоновы Острова,所罗门群岛,جزر سليمان,,,
232,1,World,9,Oceania,54,Melanesia,,,Vanuatu,548,VU,VUT,,,x,Developing,,x,East Asia and the Pacific,Lower Middle Income,Vanuatu,Vanuatu,Vanuatu,Вануату,瓦努阿图,فانواتو,the Republic of Vanuatu,la République de Vanuatu,la República de Vanuatu,Республика Вануату,瓦努阿图共和国,جمهورية فانواتو,,,
233,1,World,9,Oceania,57,Micronesia,,,Guam,316,GU,GUM,,,x,Developing,,,,High Income,,,,,,,,,,,,,,,
234,1,World,9,Oceania,57,Micronesia,,,Kiribati,296,KI,KIR,x,,x,Developing,,x,East Asia and the Pacific,Lower Middle Income,Kiribati,Kiribati,Kiribati,Кирибати,基里巴斯,كيريباس,the Republic of Kiribati,la République de Kiribati,la República de Kiribati,Республика Кирибати,基里巴斯共和国,جمهورية كيريباس,,,
235,1,World,9,Oceania,57,Micronesia,,,Marshall Islands (the),584,MH,MHL,,,x,Developing,,x,East Asia and the Pacific,Upper Middle Income,Marshall Islands (the),Îles Marshall (les),Islas Marshall (las),Маршалловы Острова,马绍尔群岛,جزر مارشال,the Republic of the Marshall Islands,la République des Îles Marshall,la República de las Islas Marshall,Республика Маршалловы Острова,马绍尔群岛共和国,جمهورية جزر مارشال,,,
236,1,World,9,Oceania,57,Micronesia,,,Micronesia (Federated States of),583,FM,FSM,,,x,Developing,,x,East Asia and the Pacific,Lower Middle Income,Micronesia (Federated States of),Micronésie (États fédérés de),Micronesia (Estados Federados de),Микронезия (Федеративные Штаты),密克罗尼西亚联邦,ميكرونيزيا (ولايات - الموحدة),the Federated States of Micronesia,les États fédérés de Micronésie,los Estados Federados de Micronesia,Федеративные Штаты Микронезии,密克罗尼西亚联邦,ولايات ميكرونيزيا الموحدة,,,
237,1,World,9,Oceania,57,Micronesia,,,Nauru,520,NR,NRU,,,x,Developing,,x,East Asia and the Pacific,High income,Nauru,Nauru,Nauru,Науру,瑙鲁,ناورو,the Republic of Nauru,la République de Nauru,la República de Nauru,Республика Науру,瑙鲁共和国,جمهورية ناورو,,,
238,1,World,9,Oceania,57,Micronesia,,,Northern Mariana Islands,580,MP,MNP,,,x,Developing,,,,High income,,,,,,,,,,,,,,,
239,1,World,9,Oceania,57,Micronesia,,,Palau,585,PW,PLW,,,x,Developing,,x,East Asia and the Pacific,High Income,Palau,Palaos (les),Palau,Палау,帕劳,بالاو,the Republic of Palau,la République des Palaos,la República de Palau,Республика Палау,帕劳共和国,جمهورية بالاو,,,
240,1,World,9,Oceania,57,Micronesia,,,United States Minor Outlying Islands,581,UM,UMI,,,,Developing,,,,,,,,,,,,,,,,,,,
241,1,World,9,Oceania,61,Polynesia,,,American Samoa,16,AS,ASM,,,x,Developing,,,,Upper Middle Income,,,,,,,,,,,,,,,
242,1,World,9,Oceania,61,Polynesia,,,Cook Islands (the),184,CK,COK,,,x,Developing,,,,,Cook Islands (the) **,Îles Cook (les) **,Islas Cook (las) **,Острова Кука **,库克群岛 **,جزر كوك **,the Cook Islands **,les Îles Cook **,las Islas Cook **,Острова Кука **,库克群岛 **,,,,
243,1,World,9,Oceania,61,Polynesia,,,French Polynesia,258,PF,PYF,,,x,Developing,,,,High Income,,,,,,,,,,,,,,,
244,1,World,9,Oceania,61,Polynesia,,,Niue,570,NU,NIU,,,x,Developing,,,,,Niue **,Nioué **,Niue **,Ниуэ **,纽埃 **,نيوي **,Niue **,Nioué **,Niue **,Ниуэ **,纽埃 **,نيوي **,,,
245,1,World,9,Oceania,61,Polynesia,,,Pitcairn,612,PN,PCN,,,,Developing,,,,,,,,,,,,,,,,,,,
246,1,World,9,Oceania,61,Polynesia,,,Samoa,882,WS,WSM,,,x,Developing,,x,East Asia and the Pacific,Lower Middle Income,Samoa,Samoa (le),Samoa,Самоа,萨摩亚,ساموا,the Independent State of Samoa,l'État indépendant du Samoa,el Estado Independiente de Samoa,Независимое Государство Самоа,萨摩亚独立国,دولة ساموا المستقلة,,,
247,1,World,9,Oceania,61,Polynesia,,,Tokelau,772,TK,TKL,,,,Developing,,,,,,,,,,,,,,,,,,,
248,1,World,9,Oceania,61,Polynesia,,,Tonga,776,TO,TON,,,x,Developing,,x,East Asia and the Pacific,Upper Middle Income,Tonga,Tonga (les),Tonga,Тонга,汤加,تونغا,the Kingdom of Tonga,le Royaume des Tonga,el Reino de Tonga,Королевство Тонга,汤加王国,مملكة تونغا,,,
249,1,World,9,Oceania,61,Polynesia,,,Tuvalu,798,TV,TUV,x,,x,Developing,,x,East Asia and the Pacific,Upper Middle Income,Tuvalu,Tuvalu (les),Tuvalu,Тувалу,图瓦卢,توفالو,Tuvalu,les Tuvalu,Tuvalu,Тувалу,图瓦卢,توفالو,,,
250,1,World,9,Oceania,61,Polynesia,,,Wallis and Futuna Islands,876,WF,WLF,,,,Developing,,,,,,,,,,,,,,,,,,,
